<?xml version="1.0" encoding="UTF-8"?>
<!DOCTYPE suite SYSTEM "http://testng.org/testng-1.0.dtd">
<suite name="Suite">
  <test thread-count="5" name="Test">
    		<!-- <groups>
			<run>
				<include name="SanityTesting" />
			</run>
		</groups> -->
		<classes>
			<!-- <class name="practice.TestNgScenario.TestNGClass1">
				<parameter name="Browser" value="Chrome"></parameter>
				<methods>
					<include name="f">
					</include>
				</methods>
			</class> -->
			<!-- <class name="practice.TestNgScenario.TestNgClass2" > -->
			<!-- <class name="practice.TestNgScenario.TestNgClass3">
			</class> -->
			<!-- <class name="practice.TestNgScenario.FactoryAnnotationExample">
			</class> -->
			<class name="practice.TestNgScenario.FreeCrmSignUpTestCases">
			</class>
		</classes>
  </test> <!-- Test -->
</suite> <!-- Suite -->
